{"cameraMode":{"drawMode":0,"name":"Shaded","section":"Shading Mode"},"sceneLighting":true,"audioPlay":false,"sceneViewState":{"m_AlwaysRefresh":false,"showFog":true,"showSkybox":true,"showFlares":true,"showImageEffects":true,"showParticleSystems":true,"showVisualEffectGraphs":true,"m_FxEnabled":true},"in2DMode":false,"pivot":{"x":-30.598934173583986,"y":18.45876121520996,"z":-25.161094665527345},"rotation":{"x":-0.13684260845184327,"y":-0.43865567445755007,"z":0.0677821934223175,"w":-0.8855862617492676},"size":0.8150687217712402,"orthographic":false}