{"cameraMode":{"drawMode":0,"name":"Shaded","section":"Shading Mode"},"sceneLighting":false,"audioPlay":false,"sceneViewState":{"m_AlwaysRefresh":false,"showFog":true,"showSkybox":false,"showFlares":true,"showImageEffects":true,"showParticleSystems":true,"showVisualEffectGraphs":true,"m_FxEnabled":true},"in2DMode":false,"pivot":{"x":14.66425609588623,"y":0.4341807961463928,"z":83.06083679199219},"rotation":{"x":0.0029246665071696045,"y":-0.9960355162620544,"z":0.08206695318222046,"w":0.03557378426194191},"size":0.4032093286514282,"orthographic":false}